{
  "pot": true,
  "paddingX": 2,
  "paddingY": 2,
  "bleed": true,
  "edgePadding": true,
  "duplicatePadding": false,
  "rotation": false,
  "minWidth": 16,
  "minHeight": 16,
  "maxWidth": 1024,
  "maxHeight": 1024,
  "square": false,
  "stripWhitespaceX": false,
  "stripWhitespaceY": false,
  "alphaThreshold": 0,
  "filterMin": "Nearest",
  "filterMag": "Nearest",
  "wrapX": "ClampToEdge",
  "wrapY": "ClampToEdge",
  "format": "RGBA8888",
  "alias": true,
  "outputFormat": "png",
  "jpegQuality": 0.9,
  "ignoreBlankImages": true,
  "fast": false,
  "debug": false,
  "combineSubdirectories": false,
  "flattenPaths": true,
  "premultiplyAlpha": false,
  "useIndexes": true,
  "limitMemory": true,
  "grid": false,
  "scale": [ 1 ],
  "scaleSuffix": [ "" ]
}